{"cameraMode":{"drawMode":0,"name":"Shaded","section":"Shading Mode"},"sceneLighting":true,"audioPlay":false,"sceneViewState":{"showFog":true,"showMaterialUpdate":true,"showSkybox":true,"showFlares":true,"showImageEffects":true,"showParticleSystems":true},"in2DMode":false,"pivot":{"x":-1.5785483121871949,"y":-0.5014145374298096,"z":-0.5657745599746704},"rotation":{"x":0.4821985960006714,"y":-0.026285801082849504,"z":0.014448992908000946,"w":0.875579297542572},"size":14.045835494995118,"orthographic":false}